Workbook

Sheet Mapping
A1: Control | B1: Theme | C1: Control name | D1: Applicable | E1: Status | F1: NIST CSF 2.0 function | G1: NIST CSF 2.0 category | H1: DORA article(s) | I1: DORA area | J1: DORA fit | K1: Note
A2: 5.1 | B2: Organizational | C2: Policies for information security | D2: Yes | E2: Partially implemented | F2: Govern | G2: GV.PO Policy | H2: Art. 6 | I2: ICT risk management (Chapter II) | J2: Direct
A3: 5.2 | B3: Organizational | C3: Information security roles and responsibilities | D3: Yes | E3: Partially implemented | F3: Govern | G3: GV.RR Roles, Responsibilities and Authorities | H3: Art. 5 | I3: ICT risk management (Chapter II) | J3: Direct | K3: Management body carries the responsibility under DORA.
A4: 5.3 | B4: Organizational | C4: Segregation of duties | D4: Yes | E4: Planned | F4: Protect | G4: PR.AA Identity Management, Authentication and Access Control | H4: Art. 9 | I4: ICT risk management (Chapter II) | J4: Partial
A5: 5.4 | B5: Organizational | C5: Management responsibilities | D5: Yes | E5: Partially implemented | F5: Govern | G5: GV.RR Roles, Responsibilities and Authorities | H5: Art. 5 | I5: ICT risk management (Chapter II) | J5: Direct
A6: 5.5 | B6: Organizational | C6: Contact with authorities | D6: Yes | E6: Planned | F6: Respond | G6: RS.CO Incident Response Reporting and Communication | H6: Art. 14, 19 | I6: ICT risk management (Chapter II) | J6: Direct | K6: DORA reporting goes to the competent authority; GDPR to the data protection authority.
A7: 5.6 | B7: Organizational | C7: Contact with special interest groups | D7: Yes | E7: Planned | F7: Identify | G7: ID.RA Risk Assessment | H7: Art. 45 | I7: Information sharing (Chapter VI) | J7: Direct | K7: Information sharing under DORA is voluntary.
A8: 5.7 | B8: Organizational | C8: Threat intelligence | D8: Yes | E8: Planned | F8: Identify | G8: ID.RA Risk Assessment | H8: Art. 13 | I8: ICT risk management (Chapter II) | J8: Partial
A9: 5.8 | B9: Organizational | C9: Information security in project management | D9: Yes | E9: Planned | F9: Govern | G9: GV.RM Risk Management Strategy | H9: Art. 9 | I9: ICT risk management (Chapter II) | J9: Partial
A10: 5.9 | B10: Organizational | C10: Inventory of information and other associated assets | D10: Yes | E10: Partially implemented | F10: Identify | G10: ID.AM Asset Management | H10: Art. 8 | I10: ICT risk management (Chapter II) | J10: Direct | K10: DORA expects a full ICT asset identification and classification.
A11: 5.10 | B11: Organizational | C11: Acceptable use of information and other associated assets | D11: Yes | E11: Planned | F11: Govern | G11: GV.PO Policy | H11: Art. 9 | I11: ICT risk management (Chapter II) | J11: Partial
A12: 5.11 | B12: Organizational | C12: Return of assets | D12: Yes | E12: Planned | F12: Identify | G12: ID.AM Asset Management | H12: Art. 8 | I12: ICT risk management (Chapter II) | J12: Partial
A13: 5.12 | B13: Organizational | C13: Classification of information | D13: Yes | E13: Planned | F13: Identify | G13: ID.AM Asset Management | H13: Art. 8 | I13: ICT risk management (Chapter II) | J13: Direct
A14: 5.13 | B14: Organizational | C14: Labelling of information | D14: Yes | E14: Planned | F14: Protect | G14: PR.DS Data Security | H14: Art. 9 | I14: ICT risk management (Chapter II) | J14: Partial
A15: 5.14 | B15: Organizational | C15: Information transfer | D15: Yes | E15: Planned | F15: Protect | G15: PR.DS Data Security | H15: Art. 9 | I15: ICT risk management (Chapter II) | J15: Direct | K15: Secure data transfer.
A16: 5.15 | B16: Organizational | C16: Access control | D16: Yes | E16: Partially implemented | F16: Protect | G16: PR.AA Identity Management, Authentication and Access Control | H16: Art. 9 | I16: ICT risk management (Chapter II) | J16: Direct
A17: 5.16 | B17: Organizational | C17: Identity management | D17: Yes | E17: Partially implemented | F17: Protect | G17: PR.AA Identity Management, Authentication and Access Control | H17: Art. 9 | I17: ICT risk management (Chapter II) | J17: Direct
A18: 5.17 | B18: Organizational | C18: Authentication information | D18: Yes | E18: Partially implemented | F18: Protect | G18: PR.AA Identity Management, Authentication and Access Control | H18: Art. 9 | I18: ICT risk management (Chapter II) | J18: Direct
A19: 5.18 | B19: Organizational | C19: Access rights | D19: Yes | E19: Partially implemented | F19: Protect | G19: PR.AA Identity Management, Authentication and Access Control | H19: Art. 9 | I19: ICT risk management (Chapter II) | J19: Direct
A20: 5.19 | B20: Organizational | C20: Information security in supplier relationships | D20: Yes | E20: Planned | F20: Govern | G20: GV.SC Cybersecurity Supply Chain Risk Management | H20: Art. 28 | I20: ICT third-party risk (Chapter V) | J20: Direct
A21: 5.20 | B21: Organizational | C21: Addressing information security within supplier agreements | D21: Yes | E21: Partially implemented | F21: Govern | G21: GV.SC Cybersecurity Supply Chain Risk Management | H21: Art. 30 | I21: ICT third-party risk (Chapter V) | J21: Direct | K21: DORA lists key contract terms: audit rights, exit, subcontracting, incident support.
A22: 5.21 | B22: Organizational | C22: Managing information security in the ICT supply chain | D22: Yes | E22: Planned | F22: Govern | G22: GV.SC Cybersecurity Supply Chain Risk Management | H22: Art. 28, 29 | I22: ICT third-party risk (Chapter V) | J22: Direct | K22: Concentration risk (Art. 29) is not part of ISO 27001.
A23: 5.22 | B23: Organizational | C23: Monitoring, review and change management of supplier services | D23: Yes | E23: Planned | F23: Govern | G23: GV.SC Cybersecurity Supply Chain Risk Management | H23: Art. 28 | I23: ICT third-party risk (Chapter V) | J23: Direct
A24: 5.23 | B24: Organizational | C24: Information security for use of cloud services | D24: Yes | E24: Partially implemented | F24: Govern | G24: GV.SC Cybersecurity Supply Chain Risk Management | H24: Art. 28, 30 | I24: ICT third-party risk (Chapter V) | J24: Direct | K24: Cloud providers are ICT third-party providers under DORA.
A25: 5.24 | B25: Organizational | C25: Information security incident management planning and preparation | D25: Yes | E25: Planned | F25: Respond | G25: RS.MA Incident Management | H25: Art. 17 | I25: Incident management and reporting (Chapter III) | J25: Direct
A26: 5.25 | B26: Organizational | C26: Assessment and decision on information security events | D26: Yes | E26: Planned | F26: Detect | G26: DE.AE Adverse Event Analysis | H26: Art. 17, 18 | I26: Incident management and reporting (Chapter III) | J26: Direct | K26: Art. 18 classifies incidents against set criteria.
A27: 5.26 | B27: Organizational | C27: Response to information security incidents | D27: Yes | E27: Planned | F27: Respond | G27: RS.MA Incident Management | H27: Art. 11, 17 | I27: ICT risk management (Chapter II) | J27: Direct
A28: 5.27 | B28: Organizational | C28: Learning from information security incidents | D28: Yes | E28: Planned | F28: Identify | G28: ID.IM Improvement | H28: Art. 13 | I28: ICT risk management (Chapter II) | J28: Direct
A29: 5.28 | B29: Organizational | C29: Collection of evidence | D29: Yes | E29: Planned | F29: Respond | G29: RS.AN Incident Analysis | H29: Art. 17 | I29: Incident management and reporting (Chapter III) | J29: Partial
A30: 5.29 | B30: Organizational | C30: Information security during disruption | D30: Yes | E30: Planned | F30: Recover | G30: RC.RP Incident Recovery Plan Execution | H30: Art. 11 | I30: ICT risk management (Chapter II) | J30: Direct
A31: 5.30 | B31: Organizational | C31: ICT readiness for business continuity | D31: Yes | E31: Planned | F31: Recover | G31: RC.RP Incident Recovery Plan Execution | H31: Art. 11, 12 | I31: ICT risk management (Chapter II) | J31: Direct | K31: DORA expects tested continuity and recovery plans.
A32: 5.31 | B32: Organizational | C32: Legal, statutory, regulatory and contractual requirements | D32: Yes | E32: Partially implemented | F32: Govern | G32: GV.OC Organizational Context | H32: Art. 6 | I32: ICT risk management (Chapter II) | J32: Partial | K32: Regulatory requirements feed the ICT risk framework.
A33: 5.32 | B33: Organizational | C33: Intellectual property rights | D33: Yes | E33: Planned | F33: Govern | G33: GV.OC Organizational Context | H33: - | I33: Not covered by DORA | J33: None | K33: Outside DORA.
A34: 5.33 | B34: Organizational | C34: Protection of records | D34: Yes | E34: Planned | F34: Protect | G34: PR.DS Data Security | H34: Art. 9 | I34: ICT risk management (Chapter II) | J34: Partial
A35: 5.34 | B35: Organizational | C35: Privacy and protection of PII | D35: Yes | E35: Partially implemented | F35: Govern | G35: GV.OC Organizational Context | H35: - | I35: Not covered by DORA | J35: None | K35: Privacy is covered by GDPR, not DORA.
A36: 5.35 | B36: Organizational | C36: Independent review of information security | D36: Yes | E36: Planned | F36: Govern | G36: GV.OV Oversight | H36: Art. 6 | I36: ICT risk management (Chapter II) | J36: Direct | K36: DORA requires internal audit of the ICT risk framework.
A37: 5.36 | B37: Organizational | C37: Compliance with policies, rules and standards for information security | D37: Yes | E37: Planned | F37: Govern | G37: GV.OV Oversight | H37: Art. 6 | I37: ICT risk management (Chapter II) | J37: Direct
A38: 5.37 | B38: Organizational | C38: Documented operating procedures | D38: Yes | E38: Planned | F38: Govern | G38: GV.PO Policy | H38: Art. 9 | I38: ICT risk management (Chapter II) | J38: Partial
A39: 6.1 | B39: People | C39: Screening | D39: Yes | E39: Planned | F39: Govern | G39: GV.RR Roles, Responsibilities and Authorities | H39: - | I39: Not covered by DORA | J39: None
A40: 6.2 | B40: People | C40: Terms and conditions of employment | D40: Yes | E40: Partially implemented | F40: Govern | G40: GV.RR Roles, Responsibilities and Authorities | H40: - | I40: Not covered by DORA | J40: None
A41: 6.3 | B41: People | C41: Information security awareness, education and training | D41: Yes | E41: Planned | F41: Protect | G41: PR.AT Awareness and Training | H41: Art. 13 | I41: ICT risk management (Chapter II) | J41: Direct | K41: DORA requires ICT security awareness and training, including for management.
A42: 6.4 | B42: People | C42: Disciplinary process | D42: Yes | E42: Planned | F42: Govern | G42: GV.RR Roles, Responsibilities and Authorities | H42: - | I42: Not covered by DORA | J42: None
A43: 6.5 | B43: People | C43: Responsibilities after termination or change of employment | D43: Yes | E43: Planned | F43: Protect | G43: PR.AA Identity Management, Authentication and Access Control | H43: Art. 9 | I43: ICT risk management (Chapter II) | J43: Partial
A44: 6.6 | B44: People | C44: Confidentiality or non-disclosure agreements | D44: Yes | E44: Partially implemented | F44: Protect | G44: PR.DS Data Security | H44: - | I44: Not covered by DORA | J44: None
A45: 6.7 | B45: People | C45: Remote working | D45: Yes | E45: Planned | F45: Protect | G45: PR.PS Platform Security | H45: Art. 9 | I45: ICT risk management (Chapter II) | J45: Partial
A46: 6.8 | B46: People | C46: Information security event reporting | D46: Yes | E46: Planned | F46: Detect | G46: DE.AE Adverse Event Analysis | H46: Art. 10, 17 | I46: ICT risk management (Chapter II) | J46: Direct
A47: 7.1 | B47: Physical | C47: Physical security perimeters | D47: Yes | E47: Partially implemented | F47: Protect | G47: PR.AA Identity Management, Authentication and Access Control | H47: Art. 9 | I47: ICT risk management (Chapter II) | J47: Partial
A48: 7.2 | B48: Physical | C48: Physical entry | D48: Yes | E48: Planned | F48: Protect | G48: PR.AA Identity Management, Authentication and Access Control | H48: Art. 9 | I48: ICT risk management (Chapter II) | J48: Partial
A49: 7.3 | B49: Physical | C49: Securing offices, rooms and facilities | D49: Yes | E49: Partially implemented | F49: Protect | G49: PR.AA Identity Management, Authentication and Access Control | H49: Art. 9 | I49: ICT risk management (Chapter II) | J49: Partial
A50: 7.4 | B50: Physical | C50: Physical security monitoring | D50: No | E50: Not applicable | F50: Detect | G50: DE.CM Continuous Monitoring | H50: Art. 10 | I50: ICT risk management (Chapter II) | J50: Partial | K50: Excluded in the SoA, shown for completeness.
A51: 7.5 | B51: Physical | C51: Protecting against physical and environmental threats | D51: No | E51: Not applicable | F51: Protect | G51: PR.IR Technology Infrastructure Resilience | H51: Art. 9 | I51: ICT risk management (Chapter II) | J51: Partial | K51: Excluded in the SoA, shown for completeness.
A52: 7.6 | B52: Physical | C52: Working in secure areas | D52: No | E52: Not applicable | F52: Protect | G52: PR.AA Identity Management, Authentication and Access Control | H52: Art. 9 | I52: ICT risk management (Chapter II) | J52: Partial | K52: Excluded in the SoA, shown for completeness.
A53: 7.7 | B53: Physical | C53: Clear desk and clear screen | D53: Yes | E53: Planned | F53: Protect | G53: PR.DS Data Security | H53: Art. 9 | I53: ICT risk management (Chapter II) | J53: Partial
A54: 7.8 | B54: Physical | C54: Equipment siting and protection | D54: No | E54: Not applicable | F54: Protect | G54: PR.IR Technology Infrastructure Resilience | H54: Art. 9 | I54: ICT risk management (Chapter II) | J54: Partial | K54: Excluded in the SoA, shown for completeness.
A55: 7.9 | B55: Physical | C55: Security of assets off-premises | D55: Yes | E55: Partially implemented | F55: Protect | G55: PR.PS Platform Security | H55: Art. 9 | I55: ICT risk management (Chapter II) | J55: Partial
A56: 7.10 | B56: Physical | C56: Storage media | D56: Yes | E56: Planned | F56: Protect | G56: PR.DS Data Security | H56: Art. 9 | I56: ICT risk management (Chapter II) | J56: Partial
A57: 7.11 | B57: Physical | C57: Supporting utilities | D57: No | E57: Not applicable | F57: Protect | G57: PR.IR Technology Infrastructure Resilience | H57: Art. 9 | I57: ICT risk management (Chapter II) | J57: Partial | K57: Excluded in the SoA, shown for completeness.
A58: 7.12 | B58: Physical | C58: Cabling security | D58: No | E58: Not applicable | F58: Protect | G58: PR.IR Technology Infrastructure Resilience | H58: Art. 9 | I58: ICT risk management (Chapter II) | J58: Partial | K58: Excluded in the SoA, shown for completeness.
A59: 7.13 | B59: Physical | C59: Equipment maintenance | D59: No | E59: Not applicable | F59: Protect | G59: PR.PS Platform Security | H59: Art. 9 | I59: ICT risk management (Chapter II) | J59: Partial | K59: Excluded in the SoA, shown for completeness.
A60: 7.14 | B60: Physical | C60: Secure disposal or re-use of equipment | D60: Yes | E60: Planned | F60: Identify | G60: ID.AM Asset Management | H60: Art. 8 | I60: ICT risk management (Chapter II) | J60: Partial
A61: 8.1 | B61: Technological | C61: User endpoint devices | D61: Yes | E61: Partially implemented | F61: Protect | G61: PR.PS Platform Security | H61: Art. 9 | I61: ICT risk management (Chapter II) | J61: Partial
A62: 8.2 | B62: Technological | C62: Privileged access rights | D62: Yes | E62: Planned | F62: Protect | G62: PR.AA Identity Management, Authentication and Access Control | H62: Art. 9 | I62: ICT risk management (Chapter II) | J62: Direct
A63: 8.3 | B63: Technological | C63: Information access restriction | D63: Yes | E63: Partially implemented | F63: Protect | G63: PR.AA Identity Management, Authentication and Access Control | H63: Art. 9 | I63: ICT risk management (Chapter II) | J63: Direct
A64: 8.4 | B64: Technological | C64: Access to source code | D64: Yes | E64: Partially implemented | F64: Protect | G64: PR.PS Platform Security | H64: Art. 9 | I64: ICT risk management (Chapter II) | J64: Partial
A65: 8.5 | B65: Technological | C65: Secure authentication | D65: Yes | E65: Partially implemented | F65: Protect | G65: PR.AA Identity Management, Authentication and Access Control | H65: Art. 9 | I65: ICT risk management (Chapter II) | J65: Direct | K65: DORA names strong authentication.
A66: 8.6 | B66: Technological | C66: Capacity management | D66: Yes | E66: Planned | F66: Protect | G66: PR.IR Technology Infrastructure Resilience | H66: Art. 7 | I66: ICT risk management (Chapter II) | J66: Direct | K66: ICT systems must have sufficient capacity.
A67: 8.7 | B67: Technological | C67: Protection against malware | D67: Yes | E67: Partially implemented | F67: Protect | G67: PR.PS Platform Security | H67: Art. 9 | I67: ICT risk management (Chapter II) | J67: Partial
A68: 8.8 | B68: Technological | C68: Management of technical vulnerabilities | D68: Yes | E68: Partially implemented | F68: Identify | G68: ID.RA Risk Assessment | H68: Art. 9, 25 | I68: ICT risk management (Chapter II) | J68: Direct | K68: Vulnerability assessments are part of DORA testing.
A69: 8.9 | B69: Technological | C69: Configuration management | D69: Yes | E69: Planned | F69: Protect | G69: PR.PS Platform Security | H69: Art. 9 | I69: ICT risk management (Chapter II) | J69: Partial
A70: 8.10 | B70: Technological | C70: Information deletion | D70: Yes | E70: Planned | F70: Protect | G70: PR.DS Data Security | H70: Art. 9 | I70: ICT risk management (Chapter II) | J70: Partial
A71: 8.11 | B71: Technological | C71: Data masking | D71: Yes | E71: Planned | F71: Protect | G71: PR.DS Data Security | H71: Art. 9 | I71: ICT risk management (Chapter II) | J71: Partial
A72: 8.12 | B72: Technological | C72: Data leakage prevention | D72: Yes | E72: Planned | F72: Protect | G72: PR.DS Data Security | H72: Art. 9 | I72: ICT risk management (Chapter II) | J72: Partial
A73: 8.13 | B73: Technological | C73: Information backup | D73: Yes | E73: Partially implemented | F73: Protect | G73: PR.DS Data Security | H73: Art. 12 | I73: ICT risk management (Chapter II) | J73: Direct | K73: Backup and restoration policies and tests.
A74: 8.14 | B74: Technological | C74: Redundancy of information processing facilities | D74: Yes | E74: Planned | F74: Protect | G74: PR.IR Technology Infrastructure Resilience | H74: Art. 11, 12 | I74: ICT risk management (Chapter II) | J74: Direct
A75: 8.15 | B75: Technological | C75: Logging | D75: Yes | E75: Partially implemented | F75: Detect | G75: DE.CM Continuous Monitoring | H75: Art. 10 | I75: ICT risk management (Chapter II) | J75: Direct
A76: 8.16 | B76: Technological | C76: Monitoring activities | D76: Yes | E76: Planned | F76: Detect | G76: DE.CM Continuous Monitoring | H76: Art. 10 | I76: ICT risk management (Chapter II) | J76: Direct
A77: 8.17 | B77: Technological | C77: Clock synchronization | D77: Yes | E77: Implemented | F77: Detect | G77: DE.CM Continuous Monitoring | H77: Art. 10 | I77: ICT risk management (Chapter II) | J77: Partial | K77: Supports reliable logs.
A78: 8.18 | B78: Technological | C78: Use of privileged utility programs | D78: No | E78: Not applicable | F78: Protect | G78: PR.PS Platform Security | H78: Art. 9 | I78: ICT risk management (Chapter II) | J78: Partial | K78: Excluded in the SoA, shown for completeness.
A79: 8.19 | B79: Technological | C79: Installation of software on operational systems | D79: Yes | E79: Planned | F79: Protect | G79: PR.PS Platform Security | H79: Art. 9 | I79: ICT risk management (Chapter II) | J79: Partial
A80: 8.20 | B80: Technological | C80: Networks security | D80: Yes | E80: Planned | F80: Protect | G80: PR.IR Technology Infrastructure Resilience | H80: Art. 9 | I80: ICT risk management (Chapter II) | J80: Direct
A81: 8.21 | B81: Technological | C81: Security of network services | D81: Yes | E81: Planned | F81: Protect | G81: PR.IR Technology Infrastructure Resilience | H81: Art. 9 | I81: ICT risk management (Chapter II) | J81: Partial
A82: 8.22 | B82: Technological | C82: Segregation of networks | D82: Yes | E82: Planned | F82: Protect | G82: PR.IR Technology Infrastructure Resilience | H82: Art. 9 | I82: ICT risk management (Chapter II) | J82: Partial
A83: 8.23 | B83: Technological | C83: Web filtering | D83: Yes | E83: Planned | F83: Protect | G83: PR.IR Technology Infrastructure Resilience | H83: Art. 9 | I83: ICT risk management (Chapter II) | J83: Partial
A84: 8.24 | B84: Technological | C84: Use of cryptography | D84: Yes | E84: Partially implemented | F84: Protect | G84: PR.DS Data Security | H84: Art. 9 | I84: ICT risk management (Chapter II) | J84: Direct | K84: DORA names encryption based on data classification.
A85: 8.25 | B85: Technological | C85: Secure development life cycle | D85: Yes | E85: Partially implemented | F85: Protect | G85: PR.PS Platform Security | H85: Art. 9 | I85: ICT risk management (Chapter II) | J85: Partial
A86: 8.26 | B86: Technological | C86: Application security requirements | D86: Yes | E86: Planned | F86: Protect | G86: PR.PS Platform Security | H86: Art. 9 | I86: ICT risk management (Chapter II) | J86: Partial
A87: 8.27 | B87: Technological | C87: Secure system architecture and engineering principles | D87: Yes | E87: Planned | F87: Protect | G87: PR.PS Platform Security | H87: Art. 7, 9 | I87: ICT risk management (Chapter II) | J87: Partial
A88: 8.28 | B88: Technological | C88: Secure coding | D88: Yes | E88: Planned | F88: Protect | G88: PR.PS Platform Security | H88: Art. 9 | I88: ICT risk management (Chapter II) | J88: Partial
A89: 8.29 | B89: Technological | C89: Security testing in development and acceptance | D89: Yes | E89: Planned | F89: Identify | G89: ID.IM Improvement | H89: Art. 24, 25 | I89: Resilience testing (Chapter IV) | J89: Direct | K89: DORA needs a yearly testing programme, wider than ISO 8.29.
A90: 8.30 | B90: Technological | C90: Outsourced development | D90: No | E90: Not applicable | F90: Govern | G90: GV.SC Cybersecurity Supply Chain Risk Management | H90: Art. 28 | I90: ICT third-party risk (Chapter V) | J90: Partial | K90: Excluded in the SoA, shown for completeness.
A91: 8.31 | B91: Technological | C91: Separation of development, test and production environments | D91: Yes | E91: Partially implemented | F91: Protect | G91: PR.PS Platform Security | H91: Art. 9 | I91: ICT risk management (Chapter II) | J91: Partial
A92: 8.32 | B92: Technological | C92: Change management | D92: Yes | E92: Planned | F92: Protect | G92: PR.PS Platform Security | H92: Art. 9 | I92: ICT risk management (Chapter II) | J92: Direct | K92: DORA names ICT change management.
A93: 8.33 | B93: Technological | C93: Test information | D93: Yes | E93: Planned | F93: Protect | G93: PR.DS Data Security | H93: Art. 9 | I93: ICT risk management (Chapter II) | J93: Partial
A94: 8.34 | B94: Technological | C94: Protection of information systems during audit testing | D94: Yes | E94: Planned | F94: Identify | G94: ID.IM Improvement | H94: Art. 24, 25 | I94: Resilience testing (Chapter IV) | J94: Partial

Sheet DORA gaps
A1: DORA topic | B1: Article(s) | C1: What DORA expects | D1: Starter kit coverage | E1: Related Annex A controls | F1: Linked risks | G1: Next step
A2: Register of information on ICT third-party arrangements | B2: Art. 28 | C2: A maintained register of all contracts with ICT third-party providers, including which services support critical functions. | D2: Not covered | E2: 5.19, 5.22 | F2: R09 | G2: Create a supplier register using the template from the vendor risk project.
A3: Exit strategies and termination of ICT third-party services | B3: Art. 28 | C3: Documented exit plans and tested alternatives for services that support critical functions. | D3: Not covered | E3: 5.22, 5.30 | F3: R09, R16 | G3: Add an exit plan section for the three key suppliers.
A4: ICT concentration risk | B4: Art. 29 | C4: Assess dependence on a single provider or on providers that are closely connected. | D4: Not covered | E4: 5.21 | F4: R09 | G4: Note in the vendor risk assessment that Azure carries most of StoreSight.
A5: Key contractual provisions | B5: Art. 30 | C5: Contracts must cover service levels, audit and access rights, incident support, sub-outsourcing and exit. | D5: Partly covered | E5: 5.20 | F5: R09 | G5: Compare the three key contracts against an Art. 30 checklist.
A6: Major incident classification and regulatory reporting | B6: Art. 17, 18, 19 | C6: Classify incidents against set criteria and report major ones to the authority in short staged deadlines (initial, intermediate, final). Check the current technical standards for exact times. | D6: Partly covered | E6: 5.24, 5.25, 5.26 | F6: R23, R24 | G6: Add DORA classification criteria and staged timelines next to the NIS2 and GDPR lines in the incident policy.
A7: Digital operational resilience testing programme | B7: Art. 24, 25, 26 | C7: A yearly risk-based testing programme (vulnerability scans, scenario tests); advanced threat-led testing for significant entities. | D7: Partly covered | E7: 8.8, 8.29 | F7: R14, R23 | G7: Write a one-page annual testing plan covering scans, restore test and the tabletop exercise.
A8: ICT business continuity, response and recovery plans | B8: Art. 11, 12 | C8: Tested continuity and recovery plans with recovery time and recovery point targets, and backup restoration tests. | D8: Partly covered | E8: 5.29, 5.30, 8.13, 8.14 | F8: R08, R16 | G8: Set recovery targets for StoreSight and record the first restore test.
A9: Management body accountability and training | B9: Art. 5, 13 | C9: Management approves and oversees the ICT risk framework and keeps its own training current. | D9: Partly covered | E9: 5.2, 5.4, 6.3 | F9: R21 | G9: Add a yearly management review and management training line to the ISMS.
A10: Information-sharing arrangements | B10: Art. 45 | C10: Voluntary exchange of cyber threat information with trusted communities. | D10: Partly covered | E10: 5.6, 5.7 | F10: R14 | G10: Join BSI and vendor advisory feeds (already planned under 5.6).

Sheet Summary
A1: Framework mapping
A2: Havelmetrics GmbH. Personal project on a fictional company.
A3: ISO/IEC 27001:2022 Annex A mapped to NIST CSF 2.0 and DORA
A4: Version 1.0 draft. Indicative mapping, see the How to read sheet.
A6: NIST CSF 2.0 function | B6: Controls | C6: Of which applicable
A7: Govern | B7: =COUNTIF(Mapping!F2:F94,A7) | C7: =COUNTIFS(Mapping!F2:F94,A7,Mapping!D2:D94,"Yes")
A8: Identify | B8: =COUNTIF(Mapping!F2:F94,A8) | C8: =COUNTIFS(Mapping!F2:F94,A8,Mapping!D2:D94,"Yes")
A9: Protect | B9: =COUNTIF(Mapping!F2:F94,A9) | C9: =COUNTIFS(Mapping!F2:F94,A9,Mapping!D2:D94,"Yes")
A10: Detect | B10: =COUNTIF(Mapping!F2:F94,A10) | C10: =COUNTIFS(Mapping!F2:F94,A10,Mapping!D2:D94,"Yes")
A11: Respond | B11: =COUNTIF(Mapping!F2:F94,A11) | C11: =COUNTIFS(Mapping!F2:F94,A11,Mapping!D2:D94,"Yes")
A12: Recover | B12: =COUNTIF(Mapping!F2:F94,A12) | C12: =COUNTIFS(Mapping!F2:F94,A12,Mapping!D2:D94,"Yes")
A13: Total | B13: =SUM(B7:B12) | C13: =SUM(C7:C12)
A15: DORA fit | B15: Controls | C15: Of which applicable
A16: Direct | B16: =COUNTIF(Mapping!J2:J94,A16) | C16: =COUNTIFS(Mapping!J2:J94,A16,Mapping!D2:D94,"Yes")
A17: Partial | B17: =COUNTIF(Mapping!J2:J94,A17) | C17: =COUNTIFS(Mapping!J2:J94,A17,Mapping!D2:D94,"Yes")
A18: None | B18: =COUNTIF(Mapping!J2:J94,A18) | C18: =COUNTIFS(Mapping!J2:J94,A18,Mapping!D2:D94,"Yes")
A19: Total | B19: =SUM(B16:B18) | C19: =SUM(C16:C18)
A21: DORA topics with gaps | B21: Topics
A22: Not covered by the starter kit | B22: =COUNTIF('DORA gaps'!D2:D10,"Not covered")
A23: Partly covered | B23: =COUNTIF('DORA gaps'!D2:D10,"Partly covered")

Sheet How to read
A1: How to read this mapping
A3: Purpose: show that the ISO 27001 ISMS in this repository can be read in the language of two other frameworks that fintech employers use: NIST Cybersecurity Framework 2.0 and the EU Digital Operational Resilience Act (DORA, Regulation (EU) 2022/2554).
A5: Mapping sheet: each of the 93 Annex A controls has one main NIST CSF 2.0 category and the DORA article(s) it supports. Applicability and status come from the Statement of Applicability.
A6: DORA fit: Direct = the topic is named in the article. Partial = covered indirectly by a general requirement to protect or run ICT systems. None = outside DORA (for example privacy, which GDPR covers).
A7: DORA gaps sheet: topics where DORA asks for more than ISO 27001 controls give. These are next steps, not finished work.
A9: Important limits:
A10: 1. DORA applies to financial entities and, through contracts, to their ICT providers. Havelmetrics sells to retail chains, so DORA would not apply directly. The mapping shows readiness for a bank or fintech customer.
A11: 2. This is my own indicative mapping, built from the standards' structure. It is not an official crosswalk and has not been reviewed by a regulator or auditor. Check article details and the technical standards (for example on incident reporting) against the legal text before relying on them.
A12: 3. DORA articles are cited at article level only, not paragraph level.
A13: 4. NIST CSF 2.0 categories are the six functions Govern, Identify, Protect, Detect, Respond and Recover with their categories (GV, ID, PR, DE, RS, RC).
